[
{
  "model": "board.category",
  "pk": 1,
  "fields": {
    "name": "자유게시판",
    "slug": "free",
    "description": "자유롭게 이야기를 나누는 공간입니다.",
    "order": 2,
    "is_active": true,
    "is_business": false,
    "type": "board",
    "created_at": "2024-12-02T18:17:36.673Z"
  }
},
{
  "model": "board.category",
  "pk": 2,
  "fields": {
    "name": "질문과답변",
    "slug": "qna",
    "description": "질문하고 답변하는 공간입니다.",
    "order": 3,
    "is_active": false,
    "is_business": false,
    "type": "board",
    "created_at": "2024-12-02T18:17:36.674Z"
  }
},
{
  "model": "board.category",
  "pk": 3,
  "fields": {
    "name": "정보공유",
    "slug": "info",
    "description": "유용한 정보를 공유하는 공간입니다.",
    "order": 4,
    "is_active": true,
    "is_business": false,
    "type": "story",
    "created_at": "2024-12-02T18:17:36.674Z"
  }
},
{
  "model": "board.category",
  "pk": 4,
  "fields": {
    "name": "외식/카페",
    "slug": "restaurant",
    "description": "음식점, 카페, 주점 등 외식 관련 사업자들의 소통 공간",
    "order": 5,
    "is_active": true,
    "is_business": true,
    "type": "board",
    "created_at": "2024-12-05T16:13:49.517Z"
  }
},
{
  "model": "board.category",
  "pk": 5,
  "fields": {
    "name": "전체게시판",
    "slug": "all",
    "description": "전체 모음",
    "order": 1,
    "is_active": true,
    "is_business": false,
    "type": "board",
    "created_at": "2024-12-05T16:14:08.198Z"
  }
},
{
  "model": "board.category",
  "pk": 6,
  "fields": {
    "name": "리테일/쇼핑",
    "slug": "shopping",
    "description": "온/오프라인 쇼핑몰, 소매점 운영자들을 위한 정보 공유 게시판",
    "order": 6,
    "is_active": true,
    "is_business": true,
    "type": "board",
    "created_at": "2024-12-05T16:14:42.322Z"
  }
},
{
  "model": "board.category",
  "pk": 7,
  "fields": {
    "name": "뷰티/웰니스",
    "slug": "wellness",
    "description": "미용, 헬스, 레슨 등 뷰티/웰니스 분야 사업자 커뮤니티",
    "order": 7,
    "is_active": true,
    "is_business": true,
    "type": "board",
    "created_at": "2024-12-05T16:15:19.225Z"
  }
},
{
  "model": "board.category",
  "pk": 8,
  "fields": {
    "name": "교육",
    "slug": "edu",
    "description": "학원, 교육 관련 사업자들의 정보 교류 공간",
    "order": 8,
    "is_active": true,
    "is_business": true,
    "type": "board",
    "created_at": "2024-12-05T16:15:45.374Z"
  }
},
{
  "model": "board.category",
  "pk": 9,
  "fields": {
    "name": "숙박/레저",
    "slug": "leisure",
    "description": "숙박업소, 레저시설 운영자들을 위한 소통 게시판",
    "order": 9,
    "is_active": true,
    "is_business": true,
    "type": "board",
    "created_at": "2024-12-05T16:16:09.403Z"
  }
},
{
  "model": "board.category",
  "pk": 10,
  "fields": {
    "name": "반려동물",
    "slug": "pet",
    "description": "반려동물 관련 사업자들의 커뮤니티 공간",
    "order": 10,
    "is_active": true,
    "is_business": true,
    "type": "board",
    "created_at": "2024-12-05T16:16:34.433Z"
  }
},
{
  "model": "board.category",
  "pk": 11,
  "fields": {
    "name": "제조/유통",
    "slug": "manufacture",
    "description": "제조업, 유통업 종사자들을 위한 정보 공유 게시판",
    "order": 11,
    "is_active": true,
    "is_business": true,
    "type": "board",
    "created_at": "2024-12-05T16:16:53.114Z"
  }
},
{
  "model": "board.category",
  "pk": 12,
  "fields": {
    "name": "푸드트럭/이동판매",
    "slug": "mobile-food",
    "description": "푸드트럭, 노점 등 이동식 판매 사업자 커뮤니티",
    "order": 12,
    "is_active": true,
    "is_business": true,
    "type": "board",
    "created_at": "2024-12-05T16:17:18.311Z"
  }
},
{
  "model": "board.category",
  "pk": 13,
  "fields": {
    "name": "비즈니스",
    "slug": "business",
    "description": "스타트업, 전문서비스 등 다양한 비즈니스 분야 정보 교류 공간",
    "order": 13,
    "is_active": true,
    "is_business": true,
    "type": "board",
    "created_at": "2024-12-05T16:17:35.323Z"
  }
},
{
  "model": "board.category",
  "pk": 14,
  "fields": {
    "name": "예비창업자",
    "slug": "pre-work",
    "description": "예비 창업인들을 위한 커뮤니티 게시판입니다.",
    "order": 14,
    "is_active": true,
    "is_business": true,
    "type": "board",
    "created_at": "2024-12-06T12:25:58.536Z"
  }
},
{
  "model": "board.category",
  "pk": 15,
  "fields": {
    "name": "성공&실패 이야기",
    "slug": "experience",
    "description": "사장님의 성공 혹은 실패 이야기를 적어주세요!",
    "order": 14,
    "is_active": true,
    "is_business": false,
    "type": "story",
    "created_at": "2024-12-08T11:39:40.500Z"
  }
},
{
  "model": "board.category",
  "pk": 16,
  "fields": {
    "name": "손님이야기",
    "slug": "visitor",
    "description": "오늘 방문한 손님들은 어땠나요? 좋은일이 있었나요? 아니면 진상이었나요?",
    "order": 15,
    "is_active": true,
    "is_business": false,
    "type": "story",
    "created_at": "2024-12-08T13:29:57.848Z"
  }
},
{
  "model": "board.category",
  "pk": 17,
  "fields": {
    "name": "인기게시판",
    "slug": "hot",
    "description": "인기글 모음입니다.",
    "order": 2,
    "is_active": true,
    "is_business": false,
    "type": "board",
    "created_at": "2024-12-08T13:48:14.262Z"
  }
},
{
  "model": "board.category",
  "pk": 18,
  "fields": {
    "name": "광고판",
    "slug": "adver",
    "description": "",
    "order": 20,
    "is_active": true,
    "is_business": false,
    "type": "advertise",
    "created_at": "2024-12-13T04:24:04.648Z"
  }
},
{
  "model": "board.category",
  "pk": 19,
  "fields": {
    "name": "정부지원사업",
    "slug": "gov",
    "description": "정부지원사업관련 소식통입니다.",
    "order": 11,
    "is_active": true,
    "is_business": false,
    "type": "info",
    "created_at": "2024-12-22T16:24:57.339Z"
  }
},
{
  "model": "board.category",
  "pk": 20,
  "fields": {
    "name": "뉴스모음",
    "slug": "news",
    "description": "",
    "order": 10,
    "is_active": true,
    "is_business": false,
    "type": "info",
    "created_at": "2024-12-24T07:34:56.852Z"
  }
},
{
  "model": "board.question",
  "pk": 5,
  "fields": {
    "category": 1,
    "author": 1,
    "subject": "asdasd",
    "content": "<p>asdasd</p>",
    "modify_date": null,
    "create_date": "2024-12-20T03:28:51.665Z",
    "is_notice": false,
    "view_count": 4,
    "up_voter": [],
    "down_voter": [],
    "bookmarks": []
  }
},
{
  "model": "board.question",
  "pk": 6,
  "fields": {
    "category": 1,
    "author": 3,
    "subject": "asdasd",
    "content": "<p>asdasdasddsada</p>",
    "modify_date": null,
    "create_date": "2024-12-20T03:32:20.067Z",
    "is_notice": false,
    "view_count": 9,
    "up_voter": [
      1
    ],
    "down_voter": [],
    "bookmarks": []
  }
},
{
  "model": "board.question",
  "pk": 7,
  "fields": {
    "category": 1,
    "author": 2,
    "subject": "aa",
    "content": "<p>aaa</p>",
    "modify_date": null,
    "create_date": "2024-12-20T04:15:21.868Z",
    "is_notice": false,
    "view_count": 4,
    "up_voter": [],
    "down_voter": [],
    "bookmarks": []
  }
},
{
  "model": "board.question",
  "pk": 9,
  "fields": {
    "category": 3,
    "author": 1,
    "subject": "asd",
    "content": "<p>asdㅁㄴㅇ</p>",
    "modify_date": "2024-12-21T15:28:06.005Z",
    "create_date": "2024-12-20T16:57:39.187Z",
    "is_notice": false,
    "view_count": 3,
    "up_voter": [],
    "down_voter": [],
    "bookmarks": []
  }
},
{
  "model": "board.question",
  "pk": 10,
  "fields": {
    "category": 1,
    "author": 1,
    "subject": "asd",
    "content": "<p>asd</p>",
    "modify_date": null,
    "create_date": "2024-12-20T16:58:20.996Z",
    "is_notice": false,
    "view_count": 2,
    "up_voter": [],
    "down_voter": [],
    "bookmarks": []
  }
},
{
  "model": "board.question",
  "pk": 11,
  "fields": {
    "category": 1,
    "author": 1,
    "subject": "aa",
    "content": "<p>aaa</p>",
    "modify_date": null,
    "create_date": "2024-12-20T16:58:27.302Z",
    "is_notice": false,
    "view_count": 2,
    "up_voter": [],
    "down_voter": [],
    "bookmarks": []
  }
},
{
  "model": "board.question",
  "pk": 12,
  "fields": {
    "category": 1,
    "author": 1,
    "subject": "asdsad",
    "content": "<p>asdasd</p>",
    "modify_date": null,
    "create_date": "2024-12-20T16:58:40.974Z",
    "is_notice": false,
    "view_count": 0,
    "up_voter": [],
    "down_voter": [],
    "bookmarks": []
  }
},
{
  "model": "board.question",
  "pk": 13,
  "fields": {
    "category": 1,
    "author": 1,
    "subject": "asdasd",
    "content": "<p>asdasd</p>",
    "modify_date": null,
    "create_date": "2024-12-20T16:58:47.834Z",
    "is_notice": false,
    "view_count": 5,
    "up_voter": [
      2
    ],
    "down_voter": [],
    "bookmarks": []
  }
},
{
  "model": "board.question",
  "pk": 14,
  "fields": {
    "category": 1,
    "author": 1,
    "subject": "asd",
    "content": "<p>asasddsa</p>",
    "modify_date": null,
    "create_date": "2024-12-20T16:58:54.925Z",
    "is_notice": false,
    "view_count": 4,
    "up_voter": [
      2
    ],
    "down_voter": [],
    "bookmarks": [
      2
    ]
  }
},
{
  "model": "board.question",
  "pk": 15,
  "fields": {
    "category": 1,
    "author": 1,
    "subject": "asd",
    "content": "<p>asd</p>",
    "modify_date": "2024-12-22T16:55:26.794Z",
    "create_date": "2024-12-20T16:59:01.268Z",
    "is_notice": false,
    "view_count": 3,
    "up_voter": [],
    "down_voter": [],
    "bookmarks": []
  }
},
{
  "model": "board.question",
  "pk": 16,
  "fields": {
    "category": 1,
    "author": 1,
    "subject": "sad",
    "content": "<p>ads</p>",
    "modify_date": null,
    "create_date": "2024-12-20T16:59:05.636Z",
    "is_notice": false,
    "view_count": 2,
    "up_voter": [
      2
    ],
    "down_voter": [],
    "bookmarks": [
      2
    ]
  }
},
{
  "model": "board.question",
  "pk": 17,
  "fields": {
    "category": 1,
    "author": 1,
    "subject": "asd",
    "content": "<p>adasㅁㄴㅇ</p>",
    "modify_date": "2024-12-21T15:16:08.348Z",
    "create_date": "2024-12-20T16:59:10.689Z",
    "is_notice": false,
    "view_count": 4,
    "up_voter": [],
    "down_voter": [],
    "bookmarks": []
  }
},
{
  "model": "board.question",
  "pk": 18,
  "fields": {
    "category": 8,
    "author": 1,
    "subject": "1",
    "content": "<p>2</p>",
    "modify_date": null,
    "create_date": "2023-12-21T13:06:44Z",
    "is_notice": false,
    "view_count": 1,
    "up_voter": [],
    "down_voter": [],
    "bookmarks": []
  }
},
{
  "model": "board.question",
  "pk": 19,
  "fields": {
    "category": 8,
    "author": 1,
    "subject": "2",
    "content": "<p>2</p>",
    "modify_date": "2024-12-21T13:07:18Z",
    "create_date": "2024-12-21T11:00:00Z",
    "is_notice": false,
    "view_count": 2,
    "up_voter": [],
    "down_voter": [],
    "bookmarks": []
  }
},
{
  "model": "board.question",
  "pk": 20,
  "fields": {
    "category": 8,
    "author": 1,
    "subject": "3",
    "content": "<p>2ㅁㄴㅇ</p>",
    "modify_date": "2024-12-22T16:55:17.171Z",
    "create_date": "2024-12-21T13:07:00.316Z",
    "is_notice": false,
    "view_count": 4,
    "up_voter": [],
    "down_voter": [],
    "bookmarks": []
  }
},
{
  "model": "board.question",
  "pk": 22,
  "fields": {
    "category": 4,
    "author": 1,
    "subject": "asd",
    "content": "<p>asd</p>",
    "modify_date": null,
    "create_date": "2024-12-21T16:19:47.878Z",
    "is_notice": false,
    "view_count": 3,
    "up_voter": [
      2
    ],
    "down_voter": [],
    "bookmarks": [
      2
    ]
  }
},
{
  "model": "board.question",
  "pk": 24,
  "fields": {
    "category": 4,
    "author": 2,
    "subject": "안녕하세요",
    "content": "<h1 class=\"\"><b>안녕하세요</b></h1><h1 class=\"\"><b><br></b></h1><blockquote class=\"\"><p><b>ㅁㄴㅇㅁㄴㅇ</b></p></blockquote><p><br></p><p>강동욱입니다.</p><p><img src=\"/media/django-summernote/2024-12-22/2227c6d4-b91e-40f6-a11d-540fde61dd54.webp\" style=\"width: 200px; float: right;\" class=\"note-float-right\"></p><p><br></p><p>ㅇ먼ㅇㅁㄴ엄ㄴ우ㅏㅓㄴㅁㅇ</p><p><br></p><p><br></p><p><br></p><p><br></p><p><br></p><p><br></p><p>ㅇㅇ<img src=\"https://ssl.pstatic.net/melona/libs/1519/1519883/4602afa7d294553e820e_20241220111441424.jpg\" style=\"width: 1172.8px;\"><br></p>",
    "modify_date": null,
    "create_date": "2024-12-22T10:17:52.053Z",
    "is_notice": false,
    "view_count": 8,
    "up_voter": [
      1
    ],
    "down_voter": [],
    "bookmarks": [
      1,
      3
    ]
  }
},
{
  "model": "board.question",
  "pk": 25,
  "fields": {
    "category": 5,
    "author": 1,
    "subject": "안녕하세요. 개발자 강동욱입니다.",
    "content": "<p>안녕하세요. 개발자 강동욱 인사드립니다.</p><p>지속적인 경기악화로 인해 취준생으로써 취업난을 직접 경험하고</p><p>또한 평소 꾸준히 아르바이트를 하며 자영업자 사장님들과 합을 맞추며</p><p>다양한 경험을 하곤 했습니다.</p><p><br></p><p><br></p><p><br></p><p>~~~~~ㄴㄴㄴㄴㄴㄴ</p><p>d</p><p>d</p><p>d</p><p>d</p><p>d</p><p>d</p><p>d</p><p>d</p><p>d</p><p>d</p><p>d</p><p><br></p>",
    "modify_date": "2024-12-23T16:43:17.397Z",
    "create_date": "2024-12-22T15:55:33.724Z",
    "is_notice": true,
    "view_count": 9,
    "up_voter": [],
    "down_voter": [],
    "bookmarks": [
      2
    ]
  }
},
{
  "model": "board.question",
  "pk": 26,
  "fields": {
    "category": 19,
    "author": 1,
    "subject": "테스트1",
    "content": "<p>테스트1</p>",
    "modify_date": null,
    "create_date": "2024-12-22T16:43:17.802Z",
    "is_notice": false,
    "view_count": 0,
    "up_voter": [],
    "down_voter": [],
    "bookmarks": []
  }
},
{
  "model": "board.question",
  "pk": 27,
  "fields": {
    "category": 19,
    "author": 1,
    "subject": "테스트2",
    "content": "<p>테스트2</p>",
    "modify_date": null,
    "create_date": "2024-12-22T16:43:27.570Z",
    "is_notice": false,
    "view_count": 1,
    "up_voter": [],
    "down_voter": [],
    "bookmarks": []
  }
},
{
  "model": "board.question",
  "pk": 28,
  "fields": {
    "category": 14,
    "author": 2,
    "subject": "사용쿠폰",
    "content": "<p><img src=\"/media/django-summernote/2024-12-23/bb6a2cca-48d8-40ab-a979-edecb57afdd3.png\" style=\"width: 291px;\"><br></p>",
    "modify_date": null,
    "create_date": "2024-12-23T05:08:43.750Z",
    "is_notice": false,
    "view_count": 7,
    "up_voter": [
      1
    ],
    "down_voter": [],
    "bookmarks": [
      2
    ]
  }
},
{
  "model": "board.question",
  "pk": 29,
  "fields": {
    "category": 18,
    "author": 1,
    "subject": "ㅁ",
    "content": "<p>ㅁ</p>",
    "modify_date": null,
    "create_date": "2024-12-23T14:19:51.762Z",
    "is_notice": false,
    "view_count": 3,
    "up_voter": [],
    "down_voter": [],
    "bookmarks": []
  }
},
{
  "model": "board.question",
  "pk": 30,
  "fields": {
    "category": 18,
    "author": 1,
    "subject": "asd",
    "content": "<p>asd</p>",
    "modify_date": null,
    "create_date": "2024-12-23T14:20:09.841Z",
    "is_notice": false,
    "view_count": 3,
    "up_voter": [],
    "down_voter": [],
    "bookmarks": []
  }
},
{
  "model": "board.question",
  "pk": 31,
  "fields": {
    "category": 18,
    "author": 1,
    "subject": "asd",
    "content": "<p>asd</p>",
    "modify_date": null,
    "create_date": "2024-12-23T15:40:54.294Z",
    "is_notice": false,
    "view_count": 1,
    "up_voter": [],
    "down_voter": [],
    "bookmarks": []
  }
},
{
  "model": "board.question",
  "pk": 33,
  "fields": {
    "category": 1,
    "author": 1,
    "subject": "ㅁㅁㅁㅁㅁㅁㅁㅁㅁㅁㅁㅁㅁㅁㅁㅁㅁㅁㅁㅁㅁㅁㅁㅁㅁㅁㅁㅁㅁㅁㅁㅁㅁㅁㅁㅁㅁㅁㅁㅁㅁㅁㅁㅁㅁㅁㅁㅁㅁㅁㅁㅁㅁㅁㅁㅁㅁㅁㅁㅁㅁㅁㅁㅁ",
    "content": "<p>ㅁㅁㅁㅁㅁㅁㅁㅁㅁㅁㅁㅁㅁㅁㅁㅁㅁㅁㅁㅁㅁㅁㅁㅁㅁㅁㅁㅁㅁㅁㅁㅁㅁㅁㅁㅁ</p>",
    "modify_date": null,
    "create_date": "2024-12-24T03:16:33.058Z",
    "is_notice": false,
    "view_count": 2,
    "up_voter": [],
    "down_voter": [],
    "bookmarks": [
      1,
      2
    ]
  }
},
{
  "model": "board.question",
  "pk": 34,
  "fields": {
    "category": 18,
    "author": 1,
    "subject": "asd",
    "content": "<p>asd</p>",
    "modify_date": null,
    "create_date": "2024-12-24T06:27:48.661Z",
    "is_notice": false,
    "view_count": 1,
    "up_voter": [],
    "down_voter": [],
    "bookmarks": []
  }
},
{
  "model": "board.question",
  "pk": 35,
  "fields": {
    "category": 18,
    "author": 1,
    "subject": "ㅇ",
    "content": "<p>asd</p>",
    "modify_date": null,
    "create_date": "2024-12-24T06:28:11.465Z",
    "is_notice": false,
    "view_count": 1,
    "up_voter": [],
    "down_voter": [],
    "bookmarks": []
  }
},
{
  "model": "board.question",
  "pk": 36,
  "fields": {
    "category": 18,
    "author": 1,
    "subject": "안녕하세요. 1등 컨설팅 기업 강민지 프랜차이즈입니다.",
    "content": "<p>여러분들의 유럽진출을 도와줄 불어 고수 강민지입니ㅏㄷ</p><p>~~~</p><p>~~~~</p><p>~~</p>",
    "modify_date": null,
    "create_date": "2024-12-25T11:46:21.045Z",
    "is_notice": false,
    "view_count": 1,
    "up_voter": [],
    "down_voter": [],
    "bookmarks": []
  }
},
{
  "model": "board.question",
  "pk": 37,
  "fields": {
    "category": 5,
    "author": 1,
    "subject": "고칠것",
    "content": "<p>글쓰기 -&gt; ui 개선</p><p><br></p><p>문의하기 user id -&gt; username</p>",
    "modify_date": null,
    "create_date": "2024-12-25T11:48:15.987Z",
    "is_notice": true,
    "view_count": 2,
    "up_voter": [],
    "down_voter": [],
    "bookmarks": []
  }
},
{
  "model": "board.answer",
  "pk": 1,
  "fields": {
    "author": 1,
    "question": 7,
    "content": "asd",
    "modify_date": "2024-12-20T07:29:41.406Z",
    "create_date": "2024-12-20T07:16:01.487Z",
    "up_voter": [],
    "down_voter": []
  }
},
{
  "model": "board.answer",
  "pk": 2,
  "fields": {
    "author": 1,
    "question": 15,
    "content": "ㅇㄴ",
    "modify_date": null,
    "create_date": "2024-12-21T13:43:46.102Z",
    "up_voter": [],
    "down_voter": []
  }
},
{
  "model": "board.answer",
  "pk": 3,
  "fields": {
    "author": 1,
    "question": 14,
    "content": "ㅁㄴㅇ",
    "modify_date": null,
    "create_date": "2024-12-21T14:37:20.989Z",
    "up_voter": [],
    "down_voter": []
  }
},
{
  "model": "board.answer",
  "pk": 6,
  "fields": {
    "author": 1,
    "question": 9,
    "content": "ㅁㄴㅇ",
    "modify_date": null,
    "create_date": "2024-12-21T15:28:00.452Z",
    "up_voter": [],
    "down_voter": []
  }
},
{
  "model": "board.answer",
  "pk": 7,
  "fields": {
    "author": 1,
    "question": 17,
    "content": "ㅁㄴㅇ",
    "modify_date": null,
    "create_date": "2024-12-21T17:02:28.077Z",
    "up_voter": [],
    "down_voter": []
  }
},
{
  "model": "board.answer",
  "pk": 8,
  "fields": {
    "author": 1,
    "question": 6,
    "content": "ㅁㄴㅇ",
    "modify_date": null,
    "create_date": "2024-12-21T17:02:35.105Z",
    "up_voter": [],
    "down_voter": []
  }
},
{
  "model": "board.answer",
  "pk": 10,
  "fields": {
    "author": 2,
    "question": 13,
    "content": "asd",
    "modify_date": null,
    "create_date": "2024-12-22T08:42:47.560Z",
    "up_voter": [],
    "down_voter": []
  }
},
{
  "model": "board.answer",
  "pk": 11,
  "fields": {
    "author": 2,
    "question": 6,
    "content": "asdaaaaa",
    "modify_date": null,
    "create_date": "2024-12-22T08:42:54.825Z",
    "up_voter": [],
    "down_voter": []
  }
},
{
  "model": "board.answer",
  "pk": 13,
  "fields": {
    "author": 3,
    "question": 6,
    "content": "asd",
    "modify_date": null,
    "create_date": "2024-12-22T15:51:11.760Z",
    "up_voter": [],
    "down_voter": []
  }
},
{
  "model": "board.answer",
  "pk": 14,
  "fields": {
    "author": 1,
    "question": 22,
    "content": "asd",
    "modify_date": null,
    "create_date": "2024-12-23T05:39:30.023Z",
    "up_voter": [],
    "down_voter": []
  }
},
{
  "model": "board.answer",
  "pk": 15,
  "fields": {
    "author": 1,
    "question": 19,
    "content": "ㄴㅇㅁㄴㅇㅁㄴㅇ",
    "modify_date": null,
    "create_date": "2024-12-23T16:46:14.273Z",
    "up_voter": [],
    "down_voter": []
  }
},
{
  "model": "board.answer",
  "pk": 16,
  "fields": {
    "author": 1,
    "question": 19,
    "content": "ㅁㄴㅇㅁㄴㅇㅁㄴㅇ",
    "modify_date": null,
    "create_date": "2024-12-23T16:46:16.201Z",
    "up_voter": [],
    "down_voter": []
  }
},
{
  "model": "board.answer",
  "pk": 17,
  "fields": {
    "author": 1,
    "question": 19,
    "content": "ㅁㄴㅇㅁㄴㅇㅁㅇ",
    "modify_date": null,
    "create_date": "2024-12-23T16:46:18.389Z",
    "up_voter": [],
    "down_voter": []
  }
},
{
  "model": "board.message",
  "pk": 1,
  "fields": {
    "sender": 2,
    "receiver": 1,
    "content": "안녕하세요",
    "created_at": "2024-12-18T17:16:18.827Z",
    "is_read": true
  }
},
{
  "model": "board.message",
  "pk": 2,
  "fields": {
    "sender": 1,
    "receiver": 2,
    "content": "a",
    "created_at": "2024-12-20T04:15:43.589Z",
    "is_read": true
  }
},
{
  "model": "board.message",
  "pk": 3,
  "fields": {
    "sender": 2,
    "receiver": 3,
    "content": "ㅎㅇ",
    "created_at": "2024-12-20T08:59:05.556Z",
    "is_read": true
  }
},
{
  "model": "board.message",
  "pk": 4,
  "fields": {
    "sender": 2,
    "receiver": 3,
    "content": "ㅎㅇㅎㅇㅎㅇ",
    "created_at": "2024-12-20T08:59:17.591Z",
    "is_read": true
  }
},
{
  "model": "board.message",
  "pk": 5,
  "fields": {
    "sender": 3,
    "receiver": 2,
    "content": "ㅎㅇ",
    "created_at": "2024-12-20T09:02:04.134Z",
    "is_read": true
  }
},
{
  "model": "board.message",
  "pk": 6,
  "fields": {
    "sender": 1,
    "receiver": 3,
    "content": "ㄴㅁㅇ",
    "created_at": "2024-12-22T02:56:12.987Z",
    "is_read": true
  }
},
{
  "model": "board.message",
  "pk": 7,
  "fields": {
    "sender": 1,
    "receiver": 3,
    "content": "asdasd",
    "created_at": "2024-12-22T03:49:42.751Z",
    "is_read": true
  }
},
{
  "model": "board.message",
  "pk": 8,
  "fields": {
    "sender": 1,
    "receiver": 3,
    "content": "a",
    "created_at": "2024-12-22T03:49:43.767Z",
    "is_read": true
  }
},
{
  "model": "board.message",
  "pk": 9,
  "fields": {
    "sender": 1,
    "receiver": 3,
    "content": "a",
    "created_at": "2024-12-22T03:49:45.821Z",
    "is_read": true
  }
},
{
  "model": "board.message",
  "pk": 10,
  "fields": {
    "sender": 1,
    "receiver": 3,
    "content": "a",
    "created_at": "2024-12-22T03:49:46.777Z",
    "is_read": true
  }
},
{
  "model": "board.message",
  "pk": 11,
  "fields": {
    "sender": 1,
    "receiver": 3,
    "content": "a",
    "created_at": "2024-12-22T03:49:47.877Z",
    "is_read": true
  }
},
{
  "model": "board.message",
  "pk": 12,
  "fields": {
    "sender": 1,
    "receiver": 3,
    "content": "a",
    "created_at": "2024-12-22T03:49:49.069Z",
    "is_read": true
  }
},
{
  "model": "board.message",
  "pk": 13,
  "fields": {
    "sender": 1,
    "receiver": 2,
    "content": "ㅁㄴㅇㅁㄴㅇ",
    "created_at": "2024-12-23T16:51:46.902Z",
    "is_read": true
  }
},
{
  "model": "board.message",
  "pk": 14,
  "fields": {
    "sender": 1,
    "receiver": 2,
    "content": "ㅁㄴㅇㅁㄴㅇㄴㅁㅇ",
    "created_at": "2024-12-23T16:53:06.590Z",
    "is_read": true
  }
},
{
  "model": "board.message",
  "pk": 15,
  "fields": {
    "sender": 1,
    "receiver": 2,
    "content": "ㄱㄱㄱ",
    "created_at": "2024-12-23T16:54:12.882Z",
    "is_read": true
  }
},
{
  "model": "board.message",
  "pk": 16,
  "fields": {
    "sender": 1,
    "receiver": 2,
    "content": "ㅇㅇㅇ",
    "created_at": "2024-12-23T16:54:14.956Z",
    "is_read": true
  }
},
{
  "model": "board.message",
  "pk": 17,
  "fields": {
    "sender": 2,
    "receiver": 1,
    "content": "하이여",
    "created_at": "2024-12-23T16:54:23.557Z",
    "is_read": true
  }
},
{
  "model": "board.message",
  "pk": 18,
  "fields": {
    "sender": 2,
    "receiver": 1,
    "content": "안녕하세여",
    "created_at": "2024-12-23T16:54:29.305Z",
    "is_read": true
  }
},
{
  "model": "board.message",
  "pk": 19,
  "fields": {
    "sender": 1,
    "receiver": 2,
    "content": "ㅎㅇ",
    "created_at": "2024-12-23T17:17:29.482Z",
    "is_read": false
  }
},
{
  "model": "board.message",
  "pk": 20,
  "fields": {
    "sender": 1,
    "receiver": 2,
    "content": "ㅁㄴㅇ",
    "created_at": "2024-12-23T17:17:34.095Z",
    "is_read": false
  }
},
{
  "model": "board.message",
  "pk": 21,
  "fields": {
    "sender": 2,
    "receiver": 3,
    "content": "ㅁㄴㅇ",
    "created_at": "2024-12-24T02:53:31.396Z",
    "is_read": false
  }
},
{
  "model": "board.message",
  "pk": 22,
  "fields": {
    "sender": 2,
    "receiver": 3,
    "content": "ㅁㄴㅇ",
    "created_at": "2024-12-24T02:53:44.577Z",
    "is_read": false
  }
},
{
  "model": "board.message",
  "pk": 23,
  "fields": {
    "sender": 1,
    "receiver": 2,
    "content": "sdalksdmklasmdlas",
    "created_at": "2024-12-25T11:47:13.794Z",
    "is_read": false
  }
},
{
  "model": "board.advertisement",
  "pk": 4,
  "fields": {
    "question": 25,
    "external_link": "http://127.0.0.1:8000/board/question/25/",
    "main_banner": "advertisements/main/메인_1.jpg",
    "side_banner": "advertisements/side/UKNpkID6cDnuGxiUsVh7f_d7Ae2QW.webp",
    "status": "approved",
    "admin_message": "",
    "start_date": "2024-12-22T15:56:20Z",
    "end_date": "2025-07-15T15:56:21Z",
    "created_at": "2024-12-22T15:56:31.442Z",
    "updated_at": "2024-12-24T07:43:47.068Z",
    "order": 9,
    "main_poster": true
  }
},
{
  "model": "board.advertisement",
  "pk": 5,
  "fields": {
    "question": 29,
    "external_link": "https://github.com/ddsntc1",
    "main_banner": "advertisements/main/웹_배너_예씨_xj1gox6.png",
    "side_banner": "advertisements/side/UKNpkID6cDnuGxiUsVh7f_zPoOlJs.webp",
    "status": "approved",
    "admin_message": "",
    "start_date": "2024-12-23T14:20:00Z",
    "end_date": "2025-01-10T14:20:00Z",
    "created_at": "2024-12-23T14:20:01.144Z",
    "updated_at": "2024-12-23T14:20:42.734Z",
    "order": 10,
    "main_poster": false
  }
},
{
  "model": "board.advertisement",
  "pk": 6,
  "fields": {
    "question": 30,
    "external_link": "https://www.naver.com",
    "main_banner": "advertisements/main/웹_배너_예씨_o0sLj20.png",
    "side_banner": "advertisements/side/UKNpkID6cDnuGxiUsVh7f_VHra0P5.webp",
    "status": "approved",
    "admin_message": "",
    "start_date": "2024-12-23T14:20:00Z",
    "end_date": "2025-01-09T14:20:00Z",
    "created_at": "2024-12-23T14:20:17.634Z",
    "updated_at": "2024-12-23T15:37:32.856Z",
    "order": 10,
    "main_poster": false
  }
},
{
  "model": "board.advertisement",
  "pk": 7,
  "fields": {
    "question": 31,
    "external_link": "https://www.naver.com",
    "main_banner": "advertisements/main/웹_배너_예씨_pKabU7Q.png",
    "side_banner": "advertisements/side/안전정보통합공개.png",
    "status": "approved",
    "admin_message": "",
    "start_date": "2024-12-23T15:41:00Z",
    "end_date": "2025-01-05T15:41:00Z",
    "created_at": "2024-12-23T15:41:03.331Z",
    "updated_at": "2024-12-24T04:15:40.607Z",
    "order": 10,
    "main_poster": false
  }
},
{
  "model": "board.advertisement",
  "pk": 8,
  "fields": {
    "question": 34,
    "external_link": "https://www.naver.com",
    "main_banner": "advertisements/main/웹_배너_예씨_CSCit9Z.png",
    "side_banner": "advertisements/side/지원사업.jpg",
    "status": "approved",
    "admin_message": "",
    "start_date": "2024-12-24T06:28:00Z",
    "end_date": "2025-01-03T06:28:00Z",
    "created_at": "2024-12-24T06:28:03.655Z",
    "updated_at": "2024-12-24T06:28:57.072Z",
    "order": 10,
    "main_poster": false
  }
},
{
  "model": "board.advertisement",
  "pk": 9,
  "fields": {
    "question": 35,
    "external_link": "https://www.naver.com",
    "main_banner": "advertisements/main/안전정보통합공개_jYvj8Ov.png",
    "side_banner": "advertisements/side/Value_error_gpu_HaAhPWo.png",
    "status": "approved",
    "admin_message": "",
    "start_date": "2024-12-24T06:28:00Z",
    "end_date": "2025-01-01T06:28:00Z",
    "created_at": "2024-12-24T06:28:22.051Z",
    "updated_at": "2024-12-24T06:28:46.740Z",
    "order": 10,
    "main_poster": false
  }
},
{
  "model": "board.advertisement",
  "pk": 10,
  "fields": {
    "question": 36,
    "external_link": "https://huggingface.co/Dongwookss",
    "main_banner": "advertisements/main/walk_gif.gif",
    "side_banner": "advertisements/side/UKNpkID6cDnuGxiUsVh7f_fyecG53.webp",
    "status": "approved",
    "admin_message": "",
    "start_date": "2024-12-25T11:46:00Z",
    "end_date": "2025-01-09T11:46:00Z",
    "created_at": "2024-12-25T11:46:35.485Z",
    "updated_at": "2024-12-25T11:46:50.538Z",
    "order": 10,
    "main_poster": false
  }
},
{
  "model": "board.inquiry",
  "pk": 1,
  "fields": {
    "author": 2,
    "subject": "asd",
    "content": "asdㄴㅁㅇㄴㅁㅇ",
    "created_at": "2024-12-22T09:09:44.006Z",
    "modified_at": "2024-12-22T09:54:30.209Z",
    "is_answered": true
  }
},
{
  "model": "board.inquiry",
  "pk": 2,
  "fields": {
    "author": 2,
    "subject": "안녕하세요",
    "content": "<p>관련 문의 드립니다.</p>",
    "created_at": "2024-12-22T09:54:42.986Z",
    "modified_at": "2024-12-22T10:00:10.162Z",
    "is_answered": true
  }
},
{
  "model": "board.inquiry",
  "pk": 4,
  "fields": {
    "author": 1,
    "subject": "ssss",
    "content": "<p>ssssss</p>",
    "created_at": "2024-12-22T10:01:21.418Z",
    "modified_at": "2024-12-22T10:02:50.974Z",
    "is_answered": true
  }
},
{
  "model": "board.inquiry",
  "pk": 5,
  "fields": {
    "author": 2,
    "subject": "폰트가 너무 딱딱해요",
    "content": "<p>문의드립니다</p>",
    "created_at": "2024-12-25T11:39:28.110Z",
    "modified_at": "2024-12-25T11:40:40.313Z",
    "is_answered": true
  }
},
{
  "model": "board.inquirycomment",
  "pk": 1,
  "fields": {
    "inquiry": 1,
    "author": 1,
    "content": "넴",
    "created_at": "2024-12-22T09:14:42.786Z",
    "modified_at": "2024-12-22T09:14:42.786Z"
  }
},
{
  "model": "board.inquirycomment",
  "pk": 3,
  "fields": {
    "inquiry": 2,
    "author": 1,
    "content": "<p>ㅁㄴㅇ</p>",
    "created_at": "2024-12-22T10:00:04.099Z",
    "modified_at": "2024-12-22T10:00:04.099Z"
  }
},
{
  "model": "board.inquirycomment",
  "pk": 4,
  "fields": {
    "inquiry": 2,
    "author": 1,
    "content": "<p>ㅁㅁㅁ</p>",
    "created_at": "2024-12-22T10:00:10.159Z",
    "modified_at": "2024-12-22T10:00:10.159Z"
  }
},
{
  "model": "board.inquirycomment",
  "pk": 5,
  "fields": {
    "inquiry": 4,
    "author": 1,
    "content": "<p>ㅁㄴㅇasd</p>",
    "created_at": "2024-12-22T10:02:50.971Z",
    "modified_at": "2024-12-22T10:03:18.542Z"
  }
},
{
  "model": "board.inquirycomment",
  "pk": 6,
  "fields": {
    "inquiry": 5,
    "author": 1,
    "content": "<p>asnkdasnkjd</p>",
    "created_at": "2024-12-25T11:40:40.309Z",
    "modified_at": "2024-12-25T11:40:40.309Z"
  }
},
{
  "model": "common.businesstype",
  "pk": 1,
  "fields": {
    "name": "개인 카페",
    "description": "개인이 운영하는 카페",
    "category": 4,
    "created_at": "2024-12-06T00:00:00Z",
    "is_active": true
  }
},
{
  "model": "common.businesstype",
  "pk": 2,
  "fields": {
    "name": "프렌차이즈 카페",
    "description": "프렌차이즈 카페 운영",
    "category": 4,
    "created_at": "2024-12-06T00:00:00Z",
    "is_active": true
  }
},
{
  "model": "common.businesstype",
  "pk": 3,
  "fields": {
    "name": "배달업",
    "description": "음식 배달 서비스",
    "category": 4,
    "created_at": "2024-12-06T00:00:00Z",
    "is_active": true
  }
},
{
  "model": "common.businesstype",
  "pk": 4,
  "fields": {
    "name": "요식업",
    "description": "개인 음식점 운영",
    "category": 4,
    "created_at": "2024-12-06T00:00:00Z",
    "is_active": true
  }
},
{
  "model": "common.businesstype",
  "pk": 5,
  "fields": {
    "name": "프렌차이즈 요식업",
    "description": "프렌차이즈 음식점 운영",
    "category": 4,
    "created_at": "2024-12-06T00:00:00Z",
    "is_active": true
  }
},
{
  "model": "common.businesstype",
  "pk": 6,
  "fields": {
    "name": "기타 요식업",
    "description": "기타 외식/카페 관련 사업",
    "category": 4,
    "created_at": "2024-12-06T00:00:00Z",
    "is_active": true
  }
},
{
  "model": "common.businesstype",
  "pk": 7,
  "fields": {
    "name": "스마트 스토어",
    "description": "온라인 기반의 스마트 스토어 운영",
    "category": 6,
    "created_at": "2024-12-06T00:00:00Z",
    "is_active": true
  }
},
{
  "model": "common.businesstype",
  "pk": 8,
  "fields": {
    "name": "온라인 쇼핑몰",
    "description": "자체 온라인 쇼핑몰 운영",
    "category": 6,
    "created_at": "2024-12-06T00:00:00Z",
    "is_active": true
  }
},
{
  "model": "common.businesstype",
  "pk": 9,
  "fields": {
    "name": "편의점",
    "description": "편의점 운영",
    "category": 6,
    "created_at": "2024-12-06T00:00:00Z",
    "is_active": true
  }
},
{
  "model": "common.businesstype",
  "pk": 10,
  "fields": {
    "name": "오프라인 쇼핑몰",
    "description": "오프라인 매장 운영",
    "category": 6,
    "created_at": "2024-12-06T00:00:00Z",
    "is_active": true
  }
},
{
  "model": "common.businesstype",
  "pk": 11,
  "fields": {
    "name": "무인판매",
    "description": "무인 판매점 운영",
    "category": 6,
    "created_at": "2024-12-06T00:00:00Z",
    "is_active": true
  }
},
{
  "model": "common.businesstype",
  "pk": 12,
  "fields": {
    "name": "기타 리테일/쇼핑",
    "description": "기타 리테일/쇼핑 관련 사업",
    "category": 6,
    "created_at": "2024-12-06T00:00:00Z",
    "is_active": true
  }
},
{
  "model": "common.businesstype",
  "pk": 13,
  "fields": {
    "name": "미용업",
    "description": "미용실, 네일샵 등 미용 관련 업종",
    "category": 7,
    "created_at": "2024-12-06T00:00:00Z",
    "is_active": true
  }
},
{
  "model": "common.businesstype",
  "pk": 14,
  "fields": {
    "name": "헬스/피트니스",
    "description": "헬스장, 피트니스 센터 운영",
    "category": 7,
    "created_at": "2024-12-06T00:00:00Z",
    "is_active": true
  }
},
{
  "model": "common.businesstype",
  "pk": 15,
  "fields": {
    "name": "레슨",
    "description": "요가, 필라테스 등 개인 레슨",
    "category": 7,
    "created_at": "2024-12-06T00:00:00Z",
    "is_active": true
  }
},
{
  "model": "common.businesstype",
  "pk": 16,
  "fields": {
    "name": "기타 뷰티/웰니스",
    "description": "기타 뷰티/웰니스 관련 사업",
    "category": 7,
    "created_at": "2024-12-06T00:00:00Z",
    "is_active": true
  }
},
{
  "model": "common.businesstype",
  "pk": 17,
  "fields": {
    "name": "학원",
    "description": "교육 학원 운영",
    "category": 8,
    "created_at": "2024-12-06T00:00:00Z",
    "is_active": true
  }
},
{
  "model": "common.businesstype",
  "pk": 18,
  "fields": {
    "name": "교육 사업",
    "description": "교육 관련 사업 운영",
    "category": 8,
    "created_at": "2024-12-06T00:00:00Z",
    "is_active": true
  }
},
{
  "model": "common.businesstype",
  "pk": 19,
  "fields": {
    "name": "기타 교육",
    "description": "기타 교육 관련 사업",
    "category": 8,
    "created_at": "2024-12-06T00:00:00Z",
    "is_active": true
  }
},
{
  "model": "common.businesstype",
  "pk": 20,
  "fields": {
    "name": "펜션",
    "description": "펜션 운영",
    "category": 9,
    "created_at": "2024-12-06T00:00:00Z",
    "is_active": true
  }
},
{
  "model": "common.businesstype",
  "pk": 21,
  "fields": {
    "name": "모텔",
    "description": "모텔 운영",
    "category": 9,
    "created_at": "2024-12-06T00:00:00Z",
    "is_active": true
  }
},
{
  "model": "common.businesstype",
  "pk": 22,
  "fields": {
    "name": "글램핑",
    "description": "글램핑장 운영",
    "category": 9,
    "created_at": "2024-12-06T00:00:00Z",
    "is_active": true
  }
},
{
  "model": "common.businesstype",
  "pk": 23,
  "fields": {
    "name": "캠핑",
    "description": "캠핑장 운영",
    "category": 9,
    "created_at": "2024-12-06T00:00:00Z",
    "is_active": true
  }
},
{
  "model": "common.businesstype",
  "pk": 24,
  "fields": {
    "name": "기타 숙박/레저",
    "description": "기타 숙박/레저 관련 사업",
    "category": 9,
    "created_at": "2024-12-06T00:00:00Z",
    "is_active": true
  }
},
{
  "model": "common.businesstype",
  "pk": 25,
  "fields": {
    "name": "반려동물 용품샵",
    "description": "반려동물 용품 판매",
    "category": 10,
    "created_at": "2024-12-06T00:00:00Z",
    "is_active": true
  }
},
{
  "model": "common.businesstype",
  "pk": 26,
  "fields": {
    "name": "반려교육업",
    "description": "반려동물 교육 서비스",
    "category": 10,
    "created_at": "2024-12-06T00:00:00Z",
    "is_active": true
  }
},
{
  "model": "common.businesstype",
  "pk": 27,
  "fields": {
    "name": "반려동물케어",
    "description": "반려동물 미용, 호텔링 등 케어 서비스",
    "category": 10,
    "created_at": "2024-12-06T00:00:00Z",
    "is_active": true
  }
},
{
  "model": "common.businesstype",
  "pk": 28,
  "fields": {
    "name": "기타 반려동물",
    "description": "기타 반려동물 관련 사업",
    "category": 10,
    "created_at": "2024-12-06T00:00:00Z",
    "is_active": true
  }
},
{
  "model": "common.businesstype",
  "pk": 29,
  "fields": {
    "name": "제조업",
    "description": "제품 제조업",
    "category": 11,
    "created_at": "2024-12-06T00:00:00Z",
    "is_active": true
  }
},
{
  "model": "common.businesstype",
  "pk": 30,
  "fields": {
    "name": "유통업",
    "description": "상품 유통업",
    "category": 11,
    "created_at": "2024-12-06T00:00:00Z",
    "is_active": true
  }
},
{
  "model": "common.businesstype",
  "pk": 31,
  "fields": {
    "name": "도매업",
    "description": "도매업 운영",
    "category": 11,
    "created_at": "2024-12-06T00:00:00Z",
    "is_active": true
  }
},
{
  "model": "common.businesstype",
  "pk": 32,
  "fields": {
    "name": "기타 제조/유통",
    "description": "기타 제조/유통 관련 사업",
    "category": 11,
    "created_at": "2024-12-06T00:00:00Z",
    "is_active": true
  }
},
{
  "model": "common.businesstype",
  "pk": 33,
  "fields": {
    "name": "노점",
    "description": "노점 판매",
    "category": 12,
    "created_at": "2024-12-06T00:00:00Z",
    "is_active": true
  }
},
{
  "model": "common.businesstype",
  "pk": 34,
  "fields": {
    "name": "커피트럭",
    "description": "이동식 커피 판매",
    "category": 12,
    "created_at": "2024-12-06T00:00:00Z",
    "is_active": true
  }
},
{
  "model": "common.businesstype",
  "pk": 35,
  "fields": {
    "name": "푸드트럭",
    "description": "이동식 음식 판매",
    "category": 12,
    "created_at": "2024-12-06T00:00:00Z",
    "is_active": true
  }
},
{
  "model": "common.businesstype",
  "pk": 36,
  "fields": {
    "name": "기타 이동식 판매",
    "description": "기타 이동식 판매 사업",
    "category": 12,
    "created_at": "2024-12-06T00:00:00Z",
    "is_active": true
  }
},
{
  "model": "common.businesstype",
  "pk": 37,
  "fields": {
    "name": "스타트업",
    "description": "스타트업 기업",
    "category": 13,
    "created_at": "2024-12-06T00:00:00Z",
    "is_active": true
  }
},
{
  "model": "common.businesstype",
  "pk": 38,
  "fields": {
    "name": "전문서비스",
    "description": "전문 서비스업",
    "category": 13,
    "created_at": "2024-12-06T00:00:00Z",
    "is_active": true
  }
},
{
  "model": "common.businesstype",
  "pk": 39,
  "fields": {
    "name": "1인기업",
    "description": "1인 기업 운영",
    "category": 13,
    "created_at": "2024-12-06T00:00:00Z",
    "is_active": true
  }
},
{
  "model": "common.businesstype",
  "pk": 40,
  "fields": {
    "name": "기타 비즈니스",
    "description": "기타 비즈니스 관련 사업",
    "category": 13,
    "created_at": "2024-12-06T00:00:00Z",
    "is_active": true
  }
},
{
  "model": "common.businesstype",
  "pk": 41,
  "fields": {
    "name": "예비창업자",
    "description": "창업을 준비하시는 분",
    "category": 14,
    "created_at": "2024-12-12T05:54:18.268Z",
    "is_active": true
  }
},
{
  "model": "common.customuser",
  "pk": 1,
  "fields": {
    "password": "pbkdf2_sha256$870000$NxR1T5a03OJR0hcR16ScNC$urs7oieIn9/LQPWDP/K5WCpOYjzwD53N6TR0pDWQ3OA=",
    "last_login": "2024-12-25T15:26:11.132Z",
    "username": "dongwooks",
    "user_id": "dongwooks",
    "email": "dongwooks@ms.com",
    "business_type": 39,
    "business_name": "나도사장",
    "is_active": true,
    "is_staff": true,
    "is_admin": true,
    "is_superuser": true,
    "is_advertise": true,
    "is_restricted": false,
    "restrict_end_date": null,
    "date_joined": "2024-12-18T17:10:55.795Z",
    "email_verified": true,
    "groups": [],
    "user_permissions": []
  }
},
{
  "model": "common.customuser",
  "pk": 2,
  "fields": {
    "password": "pbkdf2_sha256$870000$QGxJQhP9L2gGgjBRUzUOiG$/v+KjDn2IbMeqtaoe+b3Ug8H6FbQ0qPpgDBrppFEsFQ=",
    "last_login": "2024-12-30T15:16:21.022Z",
    "username": "안녕하세요",
    "user_id": "jangjae23",
    "email": "jangjae23@gmail.com",
    "business_type": 18,
    "business_name": "개발교육",
    "is_active": true,
    "is_staff": false,
    "is_admin": false,
    "is_superuser": false,
    "is_advertise": false,
    "is_restricted": false,
    "restrict_end_date": null,
    "date_joined": "2024-12-18T17:15:53.972Z",
    "email_verified": true,
    "groups": [],
    "user_permissions": []
  }
},
{
  "model": "common.customuser",
  "pk": 3,
  "fields": {
    "password": "pbkdf2_sha256$870000$742ksmeRxEuabDaKhxiKWP$ngE5SFXK4CNaXQQOQaSnrO8NLPHJU+bm6PAMQ+yCaQY=",
    "last_login": "2024-12-23T03:37:48.746Z",
    "username": "동욱",
    "user_id": "ddsntc1",
    "email": "ddsntc1@naver.com",
    "business_type": null,
    "business_name": null,
    "is_active": true,
    "is_staff": false,
    "is_admin": false,
    "is_superuser": false,
    "is_advertise": true,
    "is_restricted": false,
    "restrict_end_date": null,
    "date_joined": "2024-12-19T15:37:07.630Z",
    "email_verified": true,
    "groups": [],
    "user_permissions": []
  }
},
{
  "model": "common.profile",
  "pk": 1,
  "fields": {
    "user": 1,
    "introduction": "안녕하세요. 개발자 강동욱입니다.",
    "updated_at": "2024-12-25T15:26:11.136Z"
  }
},
{
  "model": "common.profile",
  "pk": 2,
  "fields": {
    "user": 2,
    "introduction": "dsdsdsdsd",
    "updated_at": "2024-12-30T15:16:21.026Z"
  }
},
{
  "model": "common.profile",
  "pk": 3,
  "fields": {
    "user": 3,
    "introduction": "",
    "updated_at": "2024-12-23T03:37:48.748Z"
  }
},
{
  "model": "common.userrestrictionhistory",
  "pk": 8,
  "fields": {
    "user": 3,
    "restricted_by": 1,
    "restricted_at": "2024-12-21T10:25:56.650Z",
    "restriction_reason": "테스트 정지",
    "restriction_period": 2,
    "unrestricted_at": "2024-12-22T13:42:10.525Z",
    "unrestricted_reason": ""
  }
},
{
  "model": "common.userrestrictionhistory",
  "pk": 9,
  "fields": {
    "user": 2,
    "restricted_by": 1,
    "restricted_at": "2024-12-24T04:00:14.832Z",
    "restriction_reason": "ㅁ",
    "restriction_period": 3,
    "unrestricted_at": "2024-12-24T04:02:45.187Z",
    "unrestricted_reason": null
  }
},
{
  "model": "common.advertiserhistory",
  "pk": 1,
  "fields": {
    "user": 3,
    "changed_by": 1,
    "changed_at": "2024-12-19T16:12:42.707Z",
    "is_advertiser": true,
    "reason": "관리자에 의한 광고주 권한 부여"
  }
},
{
  "model": "common.advertiserhistory",
  "pk": 2,
  "fields": {
    "user": 3,
    "changed_by": 1,
    "changed_at": "2024-12-19T16:12:46.553Z",
    "is_advertiser": false,
    "reason": "관리자에 의한 광고주 권한 해제"
  }
},
{
  "model": "common.advertiserhistory",
  "pk": 3,
  "fields": {
    "user": 3,
    "changed_by": 1,
    "changed_at": "2024-12-19T16:14:32.691Z",
    "is_advertiser": true,
    "reason": "관리자에 의한 광고주 권한 부여"
  }
},
{
  "model": "common.advertiserhistory",
  "pk": 4,
  "fields": {
    "user": 3,
    "changed_by": 1,
    "changed_at": "2024-12-19T16:15:28.167Z",
    "is_advertiser": false,
    "reason": "관리자에 의한 광고주 권한 해제"
  }
},
{
  "model": "common.advertiserhistory",
  "pk": 5,
  "fields": {
    "user": 3,
    "changed_by": 1,
    "changed_at": "2024-12-19T16:15:32.600Z",
    "is_advertiser": true,
    "reason": "관리자에 의한 광고주 권한 부여"
  }
},
{
  "model": "admin.logentry",
  "pk": 1,
  "fields": {
    "action_time": "2024-12-18T17:16:39.489Z",
    "user": 1,
    "content_type": 7,
    "object_id": "1",
    "object_repr": "dongwooks",
    "action_flag": 2,
    "change_message": "[{\"changed\": {\"fields\": [\"\\uc77c\\ubc18 \\uad00\\ub9ac\\uc790 \\uad8c\\ud55c\", \"\\uad11\\uace0\\uc8fc \\uad8c\\ud55c\"]}}]"
  }
},
{
  "model": "admin.logentry",
  "pk": 2,
  "fields": {
    "action_time": "2024-12-18T17:18:26.715Z",
    "user": 1,
    "content_type": 7,
    "object_id": "1",
    "object_repr": "dongwooks",
    "action_flag": 2,
    "change_message": "[{\"changed\": {\"fields\": [\"\\uad11\\uace0\\uc8fc \\uad8c\\ud55c\"]}}]"
  }
},
{
  "model": "admin.logentry",
  "pk": 3,
  "fields": {
    "action_time": "2024-12-20T03:25:29.927Z",
    "user": 1,
    "content_type": 1,
    "object_id": "1",
    "object_repr": "Advertisement object (1)",
    "action_flag": 2,
    "change_message": "[]"
  }
},
{
  "model": "admin.logentry",
  "pk": 4,
  "fields": {
    "action_time": "2024-12-20T07:00:07.071Z",
    "user": 1,
    "content_type": 18,
    "object_id": "3",
    "object_repr": "Report object (3)",
    "action_flag": 1,
    "change_message": "[{\"added\": {}}]"
  }
},
{
  "model": "admin.logentry",
  "pk": 5,
  "fields": {
    "action_time": "2024-12-20T07:00:21.532Z",
    "user": 1,
    "content_type": 18,
    "object_id": "3",
    "object_repr": "Report object (3)",
    "action_flag": 2,
    "change_message": "[{\"changed\": {\"fields\": [\"Reporter\", \"Reported user\"]}}]"
  }
},
{
  "model": "admin.logentry",
  "pk": 6,
  "fields": {
    "action_time": "2024-12-20T07:00:38.525Z",
    "user": 1,
    "content_type": 18,
    "object_id": "4",
    "object_repr": "Report object (4)",
    "action_flag": 1,
    "change_message": "[{\"added\": {}}]"
  }
},
{
  "model": "admin.logentry",
  "pk": 7,
  "fields": {
    "action_time": "2024-12-20T16:49:39.896Z",
    "user": 1,
    "content_type": 7,
    "object_id": "2",
    "object_repr": "jangjae23",
    "action_flag": 2,
    "change_message": "[{\"changed\": {\"fields\": [\"Restrict end date\"]}}]"
  }
},
{
  "model": "admin.logentry",
  "pk": 8,
  "fields": {
    "action_time": "2024-12-20T16:49:45.396Z",
    "user": 1,
    "content_type": 7,
    "object_id": "2",
    "object_repr": "jangjae23",
    "action_flag": 2,
    "change_message": "[]"
  }
},
{
  "model": "admin.logentry",
  "pk": 9,
  "fields": {
    "action_time": "2024-12-20T17:08:54.057Z",
    "user": 1,
    "content_type": 18,
    "object_id": "6",
    "object_repr": "Report object (6)",
    "action_flag": 1,
    "change_message": "[{\"added\": {}}]"
  }
},
{
  "model": "admin.logentry",
  "pk": 10,
  "fields": {
    "action_time": "2024-12-20T17:09:06.010Z",
    "user": 1,
    "content_type": 18,
    "object_id": "7",
    "object_repr": "Report object (7)",
    "action_flag": 1,
    "change_message": "[{\"added\": {}}]"
  }
},
{
  "model": "admin.logentry",
  "pk": 11,
  "fields": {
    "action_time": "2024-12-20T17:15:20.747Z",
    "user": 1,
    "content_type": 18,
    "object_id": "8",
    "object_repr": "Report object (8)",
    "action_flag": 1,
    "change_message": "[{\"added\": {}}]"
  }
},
{
  "model": "admin.logentry",
  "pk": 12,
  "fields": {
    "action_time": "2024-12-20T17:15:31.852Z",
    "user": 1,
    "content_type": 18,
    "object_id": "9",
    "object_repr": "Report object (9)",
    "action_flag": 1,
    "change_message": "[{\"added\": {}}]"
  }
},
{
  "model": "admin.logentry",
  "pk": 13,
  "fields": {
    "action_time": "2024-12-20T17:15:40.938Z",
    "user": 1,
    "content_type": 18,
    "object_id": "10",
    "object_repr": "Report object (10)",
    "action_flag": 1,
    "change_message": "[{\"added\": {}}]"
  }
},
{
  "model": "admin.logentry",
  "pk": 14,
  "fields": {
    "action_time": "2024-12-20T17:18:21.886Z",
    "user": 1,
    "content_type": 18,
    "object_id": "11",
    "object_repr": "Report object (11)",
    "action_flag": 3,
    "change_message": ""
  }
},
{
  "model": "admin.logentry",
  "pk": 15,
  "fields": {
    "action_time": "2024-12-20T17:26:17.318Z",
    "user": 1,
    "content_type": 18,
    "object_id": "12",
    "object_repr": "Report object (12)",
    "action_flag": 3,
    "change_message": ""
  }
},
{
  "model": "admin.logentry",
  "pk": 16,
  "fields": {
    "action_time": "2024-12-20T17:28:20.124Z",
    "user": 1,
    "content_type": 17,
    "object_id": "3",
    "object_repr": "UserRestrictionHistory object (3)",
    "action_flag": 2,
    "change_message": "[]"
  }
},
{
  "model": "admin.logentry",
  "pk": 17,
  "fields": {
    "action_time": "2024-12-20T17:28:44.082Z",
    "user": 1,
    "content_type": 17,
    "object_id": "3",
    "object_repr": "UserRestrictionHistory object (3)",
    "action_flag": 2,
    "change_message": "[{\"changed\": {\"fields\": [\"Unrestricted reason\"]}}]"
  }
},
{
  "model": "admin.logentry",
  "pk": 18,
  "fields": {
    "action_time": "2024-12-20T17:28:49.053Z",
    "user": 1,
    "content_type": 17,
    "object_id": "3",
    "object_repr": "UserRestrictionHistory object (3)",
    "action_flag": 2,
    "change_message": "[]"
  }
},
{
  "model": "admin.logentry",
  "pk": 19,
  "fields": {
    "action_time": "2024-12-20T17:30:36.308Z",
    "user": 1,
    "content_type": 18,
    "object_id": "13",
    "object_repr": "Report object (13)",
    "action_flag": 3,
    "change_message": ""
  }
},
{
  "model": "admin.logentry",
  "pk": 20,
  "fields": {
    "action_time": "2024-12-20T17:36:21.064Z",
    "user": 1,
    "content_type": 18,
    "object_id": "14",
    "object_repr": "Report object (14)",
    "action_flag": 3,
    "change_message": ""
  }
},
{
  "model": "admin.logentry",
  "pk": 21,
  "fields": {
    "action_time": "2024-12-20T17:44:59.823Z",
    "user": 1,
    "content_type": 18,
    "object_id": "15",
    "object_repr": "Report object (15)",
    "action_flag": 3,
    "change_message": ""
  }
},
{
  "model": "admin.logentry",
  "pk": 22,
  "fields": {
    "action_time": "2024-12-20T17:44:59.823Z",
    "user": 1,
    "content_type": 18,
    "object_id": "10",
    "object_repr": "Report object (10)",
    "action_flag": 3,
    "change_message": ""
  }
},
{
  "model": "admin.logentry",
  "pk": 23,
  "fields": {
    "action_time": "2024-12-20T17:44:59.823Z",
    "user": 1,
    "content_type": 18,
    "object_id": "9",
    "object_repr": "Report object (9)",
    "action_flag": 3,
    "change_message": ""
  }
},
{
  "model": "admin.logentry",
  "pk": 24,
  "fields": {
    "action_time": "2024-12-20T17:44:59.823Z",
    "user": 1,
    "content_type": 18,
    "object_id": "8",
    "object_repr": "Report object (8)",
    "action_flag": 3,
    "change_message": ""
  }
},
{
  "model": "admin.logentry",
  "pk": 25,
  "fields": {
    "action_time": "2024-12-20T17:44:59.823Z",
    "user": 1,
    "content_type": 18,
    "object_id": "7",
    "object_repr": "Report object (7)",
    "action_flag": 3,
    "change_message": ""
  }
},
{
  "model": "admin.logentry",
  "pk": 26,
  "fields": {
    "action_time": "2024-12-20T17:44:59.823Z",
    "user": 1,
    "content_type": 18,
    "object_id": "6",
    "object_repr": "Report object (6)",
    "action_flag": 3,
    "change_message": ""
  }
},
{
  "model": "admin.logentry",
  "pk": 27,
  "fields": {
    "action_time": "2024-12-20T17:44:59.823Z",
    "user": 1,
    "content_type": 18,
    "object_id": "5",
    "object_repr": "Report object (5)",
    "action_flag": 3,
    "change_message": ""
  }
},
{
  "model": "admin.logentry",
  "pk": 28,
  "fields": {
    "action_time": "2024-12-20T17:44:59.823Z",
    "user": 1,
    "content_type": 18,
    "object_id": "4",
    "object_repr": "Report object (4)",
    "action_flag": 3,
    "change_message": ""
  }
},
{
  "model": "admin.logentry",
  "pk": 29,
  "fields": {
    "action_time": "2024-12-20T17:44:59.823Z",
    "user": 1,
    "content_type": 18,
    "object_id": "3",
    "object_repr": "Report object (3)",
    "action_flag": 3,
    "change_message": ""
  }
},
{
  "model": "admin.logentry",
  "pk": 30,
  "fields": {
    "action_time": "2024-12-20T17:44:59.823Z",
    "user": 1,
    "content_type": 18,
    "object_id": "2",
    "object_repr": "Report object (2)",
    "action_flag": 3,
    "change_message": ""
  }
},
{
  "model": "admin.logentry",
  "pk": 31,
  "fields": {
    "action_time": "2024-12-20T17:44:59.823Z",
    "user": 1,
    "content_type": 18,
    "object_id": "1",
    "object_repr": "Report object (1)",
    "action_flag": 3,
    "change_message": ""
  }
},
{
  "model": "admin.logentry",
  "pk": 32,
  "fields": {
    "action_time": "2024-12-20T17:45:06.740Z",
    "user": 1,
    "content_type": 17,
    "object_id": "7",
    "object_repr": "UserRestrictionHistory object (7)",
    "action_flag": 3,
    "change_message": ""
  }
},
{
  "model": "admin.logentry",
  "pk": 33,
  "fields": {
    "action_time": "2024-12-20T17:45:06.740Z",
    "user": 1,
    "content_type": 17,
    "object_id": "6",
    "object_repr": "UserRestrictionHistory object (6)",
    "action_flag": 3,
    "change_message": ""
  }
},
{
  "model": "admin.logentry",
  "pk": 34,
  "fields": {
    "action_time": "2024-12-20T17:45:06.740Z",
    "user": 1,
    "content_type": 17,
    "object_id": "5",
    "object_repr": "UserRestrictionHistory object (5)",
    "action_flag": 3,
    "change_message": ""
  }
},
{
  "model": "admin.logentry",
  "pk": 35,
  "fields": {
    "action_time": "2024-12-20T17:45:06.740Z",
    "user": 1,
    "content_type": 17,
    "object_id": "4",
    "object_repr": "UserRestrictionHistory object (4)",
    "action_flag": 3,
    "change_message": ""
  }
},
{
  "model": "admin.logentry",
  "pk": 36,
  "fields": {
    "action_time": "2024-12-20T17:45:06.740Z",
    "user": 1,
    "content_type": 17,
    "object_id": "3",
    "object_repr": "UserRestrictionHistory object (3)",
    "action_flag": 3,
    "change_message": ""
  }
},
{
  "model": "admin.logentry",
  "pk": 37,
  "fields": {
    "action_time": "2024-12-20T17:45:06.740Z",
    "user": 1,
    "content_type": 17,
    "object_id": "2",
    "object_repr": "UserRestrictionHistory object (2)",
    "action_flag": 3,
    "change_message": ""
  }
},
{
  "model": "admin.logentry",
  "pk": 38,
  "fields": {
    "action_time": "2024-12-20T17:45:06.740Z",
    "user": 1,
    "content_type": 17,
    "object_id": "1",
    "object_repr": "UserRestrictionHistory object (1)",
    "action_flag": 3,
    "change_message": ""
  }
},
{
  "model": "admin.logentry",
  "pk": 39,
  "fields": {
    "action_time": "2024-12-21T04:32:47.757Z",
    "user": 1,
    "content_type": 7,
    "object_id": "3",
    "object_repr": "ddsntc1",
    "action_flag": 2,
    "change_message": "[{\"changed\": {\"fields\": [\"Restrict end date\"]}}]"
  }
},
{
  "model": "admin.logentry",
  "pk": 40,
  "fields": {
    "action_time": "2024-12-21T10:25:13.871Z",
    "user": 1,
    "content_type": 7,
    "object_id": "3",
    "object_repr": "ddsntc1",
    "action_flag": 2,
    "change_message": "[{\"changed\": {\"fields\": [\"Restrict end date\"]}}]"
  }
},
{
  "model": "admin.logentry",
  "pk": 41,
  "fields": {
    "action_time": "2024-12-21T10:25:56.650Z",
    "user": 1,
    "content_type": 17,
    "object_id": "8",
    "object_repr": "UserRestrictionHistory object (8)",
    "action_flag": 1,
    "change_message": "[{\"added\": {}}]"
  }
},
{
  "model": "admin.logentry",
  "pk": 42,
  "fields": {
    "action_time": "2024-12-21T10:26:13.877Z",
    "user": 1,
    "content_type": 7,
    "object_id": "1",
    "object_repr": "dongwooks",
    "action_flag": 2,
    "change_message": "[{\"changed\": {\"fields\": [\"Is restricted\", \"Restrict end date\"]}}]"
  }
},
{
  "model": "admin.logentry",
  "pk": 43,
  "fields": {
    "action_time": "2024-12-21T10:26:26.349Z",
    "user": 1,
    "content_type": 7,
    "object_id": "1",
    "object_repr": "dongwooks",
    "action_flag": 2,
    "change_message": "[{\"changed\": {\"fields\": [\"Is restricted\", \"Restrict end date\"]}}]"
  }
},
{
  "model": "admin.logentry",
  "pk": 44,
  "fields": {
    "action_time": "2024-12-21T10:26:36.445Z",
    "user": 1,
    "content_type": 7,
    "object_id": "3",
    "object_repr": "ddsntc1",
    "action_flag": 2,
    "change_message": "[{\"changed\": {\"fields\": [\"Is restricted\", \"Restrict end date\"]}}]"
  }
},
{
  "model": "admin.logentry",
  "pk": 45,
  "fields": {
    "action_time": "2024-12-21T12:48:58.216Z",
    "user": 1,
    "content_type": 5,
    "object_id": "3",
    "object_repr": "Question object (3)",
    "action_flag": 2,
    "change_message": "[{\"changed\": {\"fields\": [\"Create date\", \"Down voter\"]}}]"
  }
},
{
  "model": "admin.logentry",
  "pk": 46,
  "fields": {
    "action_time": "2024-12-21T13:12:32.575Z",
    "user": 1,
    "content_type": 5,
    "object_id": "18",
    "object_repr": "Question object (18)",
    "action_flag": 2,
    "change_message": "[{\"changed\": {\"fields\": [\"Create date\"]}}]"
  }
},
{
  "model": "admin.logentry",
  "pk": 47,
  "fields": {
    "action_time": "2024-12-21T13:12:43.761Z",
    "user": 1,
    "content_type": 5,
    "object_id": "19",
    "object_repr": "Question object (19)",
    "action_flag": 2,
    "change_message": "[]"
  }
},
{
  "model": "admin.logentry",
  "pk": 48,
  "fields": {
    "action_time": "2024-12-21T13:13:21.565Z",
    "user": 1,
    "content_type": 5,
    "object_id": "19",
    "object_repr": "Question object (19)",
    "action_flag": 2,
    "change_message": "[{\"changed\": {\"fields\": [\"Create date\"]}}]"
  }
},
{
  "model": "admin.logentry",
  "pk": 49,
  "fields": {
    "action_time": "2024-12-22T04:45:10.250Z",
    "user": 1,
    "content_type": 1,
    "object_id": "2",
    "object_repr": "Advertisement object (2)",
    "action_flag": 2,
    "change_message": "[]"
  }
},
{
  "model": "admin.logentry",
  "pk": 50,
  "fields": {
    "action_time": "2024-12-22T05:17:29.062Z",
    "user": 1,
    "content_type": 7,
    "object_id": "1",
    "object_repr": "dongwooks",
    "action_flag": 2,
    "change_message": "[{\"changed\": {\"fields\": [\"\\uad11\\uace0\\uc8fc \\uad8c\\ud55c\"]}}]"
  }
},
{
  "model": "admin.logentry",
  "pk": 51,
  "fields": {
    "action_time": "2024-12-22T05:18:25.000Z",
    "user": 1,
    "content_type": 1,
    "object_id": "3",
    "object_repr": "Advertisement object (3)",
    "action_flag": 2,
    "change_message": "[{\"changed\": {\"fields\": [\"\\uc0c1\\ud0dc\", \"\\uc2dc\\uc791\\uc77c\", \"\\uc885\\ub8cc\\uc77c\", \"Main poster\"]}}]"
  }
},
{
  "model": "admin.logentry",
  "pk": 52,
  "fields": {
    "action_time": "2024-12-22T05:19:41.486Z",
    "user": 1,
    "content_type": 1,
    "object_id": "3",
    "object_repr": "Advertisement object (3)",
    "action_flag": 2,
    "change_message": "[]"
  }
},
{
  "model": "admin.logentry",
  "pk": 53,
  "fields": {
    "action_time": "2024-12-22T05:20:54.592Z",
    "user": 1,
    "content_type": 1,
    "object_id": "3",
    "object_repr": "Advertisement object (3)",
    "action_flag": 2,
    "change_message": "[]"
  }
},
{
  "model": "admin.logentry",
  "pk": 54,
  "fields": {
    "action_time": "2024-12-22T15:56:31.443Z",
    "user": 1,
    "content_type": 1,
    "object_id": "4",
    "object_repr": "Advertisement object (4)",
    "action_flag": 1,
    "change_message": "[{\"added\": {}}]"
  }
},
{
  "model": "admin.logentry",
  "pk": 55,
  "fields": {
    "action_time": "2024-12-22T15:56:34.946Z",
    "user": 1,
    "content_type": 1,
    "object_id": "4",
    "object_repr": "Advertisement object (4)",
    "action_flag": 2,
    "change_message": "[{\"changed\": {\"fields\": [\"Order\"]}}]"
  }
},
{
  "model": "admin.logentry",
  "pk": 56,
  "fields": {
    "action_time": "2024-12-22T15:56:37.879Z",
    "user": 1,
    "content_type": 1,
    "object_id": "3",
    "object_repr": "Advertisement object (3)",
    "action_flag": 2,
    "change_message": "[]"
  }
},
{
  "model": "admin.logentry",
  "pk": 57,
  "fields": {
    "action_time": "2024-12-22T16:24:57.340Z",
    "user": 1,
    "content_type": 3,
    "object_id": "19",
    "object_repr": "정부지원사업",
    "action_flag": 1,
    "change_message": "[{\"added\": {}}]"
  }
},
{
  "model": "admin.logentry",
  "pk": 58,
  "fields": {
    "action_time": "2024-12-22T17:10:08.927Z",
    "user": 1,
    "content_type": 1,
    "object_id": "4",
    "object_repr": "Advertisement object (4)",
    "action_flag": 2,
    "change_message": "[{\"changed\": {\"fields\": [\"\\uba54\\uc778 \\ubc30\\ub108\"]}}]"
  }
},
{
  "model": "admin.logentry",
  "pk": 59,
  "fields": {
    "action_time": "2024-12-23T06:01:02.716Z",
    "user": 1,
    "content_type": 1,
    "object_id": "4",
    "object_repr": "Advertisement object (4)",
    "action_flag": 2,
    "change_message": "[{\"changed\": {\"fields\": [\"\\uba54\\uc778 \\ubc30\\ub108\"]}}]"
  }
},
{
  "model": "admin.logentry",
  "pk": 60,
  "fields": {
    "action_time": "2024-12-23T06:01:24.822Z",
    "user": 1,
    "content_type": 1,
    "object_id": "4",
    "object_repr": "Advertisement object (4)",
    "action_flag": 2,
    "change_message": "[{\"changed\": {\"fields\": [\"\\uad11\\uace0 \\ub9c1\\ud06c\"]}}]"
  }
},
{
  "model": "admin.logentry",
  "pk": 61,
  "fields": {
    "action_time": "2024-12-24T07:34:56.853Z",
    "user": 1,
    "content_type": 3,
    "object_id": "20",
    "object_repr": "뉴스모음",
    "action_flag": 1,
    "change_message": "[{\"added\": {}}]"
  }
},
{
  "model": "admin.logentry",
  "pk": 62,
  "fields": {
    "action_time": "2024-12-24T07:43:47.069Z",
    "user": 1,
    "content_type": 1,
    "object_id": "4",
    "object_repr": "Advertisement object (4)",
    "action_flag": 2,
    "change_message": "[{\"changed\": {\"fields\": [\"\\uba54\\uc778 \\ubc30\\ub108\"]}}]"
  }
},
{
  "model": "auth.permission",
  "pk": 1,
  "fields": {
    "name": "Can add advertisement",
    "content_type": 1,
    "codename": "add_advertisement"
  }
},
{
  "model": "auth.permission",
  "pk": 2,
  "fields": {
    "name": "Can change advertisement",
    "content_type": 1,
    "codename": "change_advertisement"
  }
},
{
  "model": "auth.permission",
  "pk": 3,
  "fields": {
    "name": "Can delete advertisement",
    "content_type": 1,
    "codename": "delete_advertisement"
  }
},
{
  "model": "auth.permission",
  "pk": 4,
  "fields": {
    "name": "Can view advertisement",
    "content_type": 1,
    "codename": "view_advertisement"
  }
},
{
  "model": "auth.permission",
  "pk": 5,
  "fields": {
    "name": "Can add answer",
    "content_type": 2,
    "codename": "add_answer"
  }
},
{
  "model": "auth.permission",
  "pk": 6,
  "fields": {
    "name": "Can change answer",
    "content_type": 2,
    "codename": "change_answer"
  }
},
{
  "model": "auth.permission",
  "pk": 7,
  "fields": {
    "name": "Can delete answer",
    "content_type": 2,
    "codename": "delete_answer"
  }
},
{
  "model": "auth.permission",
  "pk": 8,
  "fields": {
    "name": "Can view answer",
    "content_type": 2,
    "codename": "view_answer"
  }
},
{
  "model": "auth.permission",
  "pk": 9,
  "fields": {
    "name": "Can add category",
    "content_type": 3,
    "codename": "add_category"
  }
},
{
  "model": "auth.permission",
  "pk": 10,
  "fields": {
    "name": "Can change category",
    "content_type": 3,
    "codename": "change_category"
  }
},
{
  "model": "auth.permission",
  "pk": 11,
  "fields": {
    "name": "Can delete category",
    "content_type": 3,
    "codename": "delete_category"
  }
},
{
  "model": "auth.permission",
  "pk": 12,
  "fields": {
    "name": "Can view category",
    "content_type": 3,
    "codename": "view_category"
  }
},
{
  "model": "auth.permission",
  "pk": 13,
  "fields": {
    "name": "Can add message",
    "content_type": 4,
    "codename": "add_message"
  }
},
{
  "model": "auth.permission",
  "pk": 14,
  "fields": {
    "name": "Can change message",
    "content_type": 4,
    "codename": "change_message"
  }
},
{
  "model": "auth.permission",
  "pk": 15,
  "fields": {
    "name": "Can delete message",
    "content_type": 4,
    "codename": "delete_message"
  }
},
{
  "model": "auth.permission",
  "pk": 16,
  "fields": {
    "name": "Can view message",
    "content_type": 4,
    "codename": "view_message"
  }
},
{
  "model": "auth.permission",
  "pk": 17,
  "fields": {
    "name": "Can add question",
    "content_type": 5,
    "codename": "add_question"
  }
},
{
  "model": "auth.permission",
  "pk": 18,
  "fields": {
    "name": "Can change question",
    "content_type": 5,
    "codename": "change_question"
  }
},
{
  "model": "auth.permission",
  "pk": 19,
  "fields": {
    "name": "Can delete question",
    "content_type": 5,
    "codename": "delete_question"
  }
},
{
  "model": "auth.permission",
  "pk": 20,
  "fields": {
    "name": "Can view question",
    "content_type": 5,
    "codename": "view_question"
  }
},
{
  "model": "auth.permission",
  "pk": 21,
  "fields": {
    "name": "Can add 업종",
    "content_type": 6,
    "codename": "add_businesstype"
  }
},
{
  "model": "auth.permission",
  "pk": 22,
  "fields": {
    "name": "Can change 업종",
    "content_type": 6,
    "codename": "change_businesstype"
  }
},
{
  "model": "auth.permission",
  "pk": 23,
  "fields": {
    "name": "Can delete 업종",
    "content_type": 6,
    "codename": "delete_businesstype"
  }
},
{
  "model": "auth.permission",
  "pk": 24,
  "fields": {
    "name": "Can view 업종",
    "content_type": 6,
    "codename": "view_businesstype"
  }
},
{
  "model": "auth.permission",
  "pk": 25,
  "fields": {
    "name": "Can add 사용자",
    "content_type": 7,
    "codename": "add_customuser"
  }
},
{
  "model": "auth.permission",
  "pk": 26,
  "fields": {
    "name": "Can change 사용자",
    "content_type": 7,
    "codename": "change_customuser"
  }
},
{
  "model": "auth.permission",
  "pk": 27,
  "fields": {
    "name": "Can delete 사용자",
    "content_type": 7,
    "codename": "delete_customuser"
  }
},
{
  "model": "auth.permission",
  "pk": 28,
  "fields": {
    "name": "Can view 사용자",
    "content_type": 7,
    "codename": "view_customuser"
  }
},
{
  "model": "auth.permission",
  "pk": 29,
  "fields": {
    "name": "Can add 대기 중인 사용자",
    "content_type": 8,
    "codename": "add_pendinguser"
  }
},
{
  "model": "auth.permission",
  "pk": 30,
  "fields": {
    "name": "Can change 대기 중인 사용자",
    "content_type": 8,
    "codename": "change_pendinguser"
  }
},
{
  "model": "auth.permission",
  "pk": 31,
  "fields": {
    "name": "Can delete 대기 중인 사용자",
    "content_type": 8,
    "codename": "delete_pendinguser"
  }
},
{
  "model": "auth.permission",
  "pk": 32,
  "fields": {
    "name": "Can view 대기 중인 사용자",
    "content_type": 8,
    "codename": "view_pendinguser"
  }
},
{
  "model": "auth.permission",
  "pk": 33,
  "fields": {
    "name": "Can add profile",
    "content_type": 9,
    "codename": "add_profile"
  }
},
{
  "model": "auth.permission",
  "pk": 34,
  "fields": {
    "name": "Can change profile",
    "content_type": 9,
    "codename": "change_profile"
  }
},
{
  "model": "auth.permission",
  "pk": 35,
  "fields": {
    "name": "Can delete profile",
    "content_type": 9,
    "codename": "delete_profile"
  }
},
{
  "model": "auth.permission",
  "pk": 36,
  "fields": {
    "name": "Can view profile",
    "content_type": 9,
    "codename": "view_profile"
  }
},
{
  "model": "auth.permission",
  "pk": 37,
  "fields": {
    "name": "Can add log entry",
    "content_type": 10,
    "codename": "add_logentry"
  }
},
{
  "model": "auth.permission",
  "pk": 38,
  "fields": {
    "name": "Can change log entry",
    "content_type": 10,
    "codename": "change_logentry"
  }
},
{
  "model": "auth.permission",
  "pk": 39,
  "fields": {
    "name": "Can delete log entry",
    "content_type": 10,
    "codename": "delete_logentry"
  }
},
{
  "model": "auth.permission",
  "pk": 40,
  "fields": {
    "name": "Can view log entry",
    "content_type": 10,
    "codename": "view_logentry"
  }
},
{
  "model": "auth.permission",
  "pk": 41,
  "fields": {
    "name": "Can add permission",
    "content_type": 11,
    "codename": "add_permission"
  }
},
{
  "model": "auth.permission",
  "pk": 42,
  "fields": {
    "name": "Can change permission",
    "content_type": 11,
    "codename": "change_permission"
  }
},
{
  "model": "auth.permission",
  "pk": 43,
  "fields": {
    "name": "Can delete permission",
    "content_type": 11,
    "codename": "delete_permission"
  }
},
{
  "model": "auth.permission",
  "pk": 44,
  "fields": {
    "name": "Can view permission",
    "content_type": 11,
    "codename": "view_permission"
  }
},
{
  "model": "auth.permission",
  "pk": 45,
  "fields": {
    "name": "Can add group",
    "content_type": 12,
    "codename": "add_group"
  }
},
{
  "model": "auth.permission",
  "pk": 46,
  "fields": {
    "name": "Can change group",
    "content_type": 12,
    "codename": "change_group"
  }
},
{
  "model": "auth.permission",
  "pk": 47,
  "fields": {
    "name": "Can delete group",
    "content_type": 12,
    "codename": "delete_group"
  }
},
{
  "model": "auth.permission",
  "pk": 48,
  "fields": {
    "name": "Can view group",
    "content_type": 12,
    "codename": "view_group"
  }
},
{
  "model": "auth.permission",
  "pk": 49,
  "fields": {
    "name": "Can add content type",
    "content_type": 13,
    "codename": "add_contenttype"
  }
},
{
  "model": "auth.permission",
  "pk": 50,
  "fields": {
    "name": "Can change content type",
    "content_type": 13,
    "codename": "change_contenttype"
  }
},
{
  "model": "auth.permission",
  "pk": 51,
  "fields": {
    "name": "Can delete content type",
    "content_type": 13,
    "codename": "delete_contenttype"
  }
},
{
  "model": "auth.permission",
  "pk": 52,
  "fields": {
    "name": "Can view content type",
    "content_type": 13,
    "codename": "view_contenttype"
  }
},
{
  "model": "auth.permission",
  "pk": 53,
  "fields": {
    "name": "Can add session",
    "content_type": 14,
    "codename": "add_session"
  }
},
{
  "model": "auth.permission",
  "pk": 54,
  "fields": {
    "name": "Can change session",
    "content_type": 14,
    "codename": "change_session"
  }
},
{
  "model": "auth.permission",
  "pk": 55,
  "fields": {
    "name": "Can delete session",
    "content_type": 14,
    "codename": "delete_session"
  }
},
{
  "model": "auth.permission",
  "pk": 56,
  "fields": {
    "name": "Can view session",
    "content_type": 14,
    "codename": "view_session"
  }
},
{
  "model": "auth.permission",
  "pk": 57,
  "fields": {
    "name": "Can add attachment",
    "content_type": 15,
    "codename": "add_attachment"
  }
},
{
  "model": "auth.permission",
  "pk": 58,
  "fields": {
    "name": "Can change attachment",
    "content_type": 15,
    "codename": "change_attachment"
  }
},
{
  "model": "auth.permission",
  "pk": 59,
  "fields": {
    "name": "Can delete attachment",
    "content_type": 15,
    "codename": "delete_attachment"
  }
},
{
  "model": "auth.permission",
  "pk": 60,
  "fields": {
    "name": "Can view attachment",
    "content_type": 15,
    "codename": "view_attachment"
  }
},
{
  "model": "auth.permission",
  "pk": 61,
  "fields": {
    "name": "Can add advertiser history",
    "content_type": 16,
    "codename": "add_advertiserhistory"
  }
},
{
  "model": "auth.permission",
  "pk": 62,
  "fields": {
    "name": "Can change advertiser history",
    "content_type": 16,
    "codename": "change_advertiserhistory"
  }
},
{
  "model": "auth.permission",
  "pk": 63,
  "fields": {
    "name": "Can delete advertiser history",
    "content_type": 16,
    "codename": "delete_advertiserhistory"
  }
},
{
  "model": "auth.permission",
  "pk": 64,
  "fields": {
    "name": "Can view advertiser history",
    "content_type": 16,
    "codename": "view_advertiserhistory"
  }
},
{
  "model": "auth.permission",
  "pk": 65,
  "fields": {
    "name": "Can add user restriction history",
    "content_type": 17,
    "codename": "add_userrestrictionhistory"
  }
},
{
  "model": "auth.permission",
  "pk": 66,
  "fields": {
    "name": "Can change user restriction history",
    "content_type": 17,
    "codename": "change_userrestrictionhistory"
  }
},
{
  "model": "auth.permission",
  "pk": 67,
  "fields": {
    "name": "Can delete user restriction history",
    "content_type": 17,
    "codename": "delete_userrestrictionhistory"
  }
},
{
  "model": "auth.permission",
  "pk": 68,
  "fields": {
    "name": "Can view user restriction history",
    "content_type": 17,
    "codename": "view_userrestrictionhistory"
  }
},
{
  "model": "auth.permission",
  "pk": 69,
  "fields": {
    "name": "Can add report",
    "content_type": 18,
    "codename": "add_report"
  }
},
{
  "model": "auth.permission",
  "pk": 70,
  "fields": {
    "name": "Can change report",
    "content_type": 18,
    "codename": "change_report"
  }
},
{
  "model": "auth.permission",
  "pk": 71,
  "fields": {
    "name": "Can delete report",
    "content_type": 18,
    "codename": "delete_report"
  }
},
{
  "model": "auth.permission",
  "pk": 72,
  "fields": {
    "name": "Can view report",
    "content_type": 18,
    "codename": "view_report"
  }
},
{
  "model": "auth.permission",
  "pk": 73,
  "fields": {
    "name": "Can add inquiry",
    "content_type": 19,
    "codename": "add_inquiry"
  }
},
{
  "model": "auth.permission",
  "pk": 74,
  "fields": {
    "name": "Can change inquiry",
    "content_type": 19,
    "codename": "change_inquiry"
  }
},
{
  "model": "auth.permission",
  "pk": 75,
  "fields": {
    "name": "Can delete inquiry",
    "content_type": 19,
    "codename": "delete_inquiry"
  }
},
{
  "model": "auth.permission",
  "pk": 76,
  "fields": {
    "name": "Can view inquiry",
    "content_type": 19,
    "codename": "view_inquiry"
  }
},
{
  "model": "auth.permission",
  "pk": 77,
  "fields": {
    "name": "Can add inquiry comment",
    "content_type": 20,
    "codename": "add_inquirycomment"
  }
},
{
  "model": "auth.permission",
  "pk": 78,
  "fields": {
    "name": "Can change inquiry comment",
    "content_type": 20,
    "codename": "change_inquirycomment"
  }
},
{
  "model": "auth.permission",
  "pk": 79,
  "fields": {
    "name": "Can delete inquiry comment",
    "content_type": 20,
    "codename": "delete_inquirycomment"
  }
},
{
  "model": "auth.permission",
  "pk": 80,
  "fields": {
    "name": "Can view inquiry comment",
    "content_type": 20,
    "codename": "view_inquirycomment"
  }
},
{
  "model": "contenttypes.contenttype",
  "pk": 1,
  "fields": {
    "app_label": "board",
    "model": "advertisement"
  }
},
{
  "model": "contenttypes.contenttype",
  "pk": 2,
  "fields": {
    "app_label": "board",
    "model": "answer"
  }
},
{
  "model": "contenttypes.contenttype",
  "pk": 3,
  "fields": {
    "app_label": "board",
    "model": "category"
  }
},
{
  "model": "contenttypes.contenttype",
  "pk": 4,
  "fields": {
    "app_label": "board",
    "model": "message"
  }
},
{
  "model": "contenttypes.contenttype",
  "pk": 5,
  "fields": {
    "app_label": "board",
    "model": "question"
  }
},
{
  "model": "contenttypes.contenttype",
  "pk": 6,
  "fields": {
    "app_label": "common",
    "model": "businesstype"
  }
},
{
  "model": "contenttypes.contenttype",
  "pk": 7,
  "fields": {
    "app_label": "common",
    "model": "customuser"
  }
},
{
  "model": "contenttypes.contenttype",
  "pk": 8,
  "fields": {
    "app_label": "common",
    "model": "pendinguser"
  }
},
{
  "model": "contenttypes.contenttype",
  "pk": 9,
  "fields": {
    "app_label": "common",
    "model": "profile"
  }
},
{
  "model": "contenttypes.contenttype",
  "pk": 10,
  "fields": {
    "app_label": "admin",
    "model": "logentry"
  }
},
{
  "model": "contenttypes.contenttype",
  "pk": 11,
  "fields": {
    "app_label": "auth",
    "model": "permission"
  }
},
{
  "model": "contenttypes.contenttype",
  "pk": 12,
  "fields": {
    "app_label": "auth",
    "model": "group"
  }
},
{
  "model": "contenttypes.contenttype",
  "pk": 13,
  "fields": {
    "app_label": "contenttypes",
    "model": "contenttype"
  }
},
{
  "model": "contenttypes.contenttype",
  "pk": 14,
  "fields": {
    "app_label": "sessions",
    "model": "session"
  }
},
{
  "model": "contenttypes.contenttype",
  "pk": 15,
  "fields": {
    "app_label": "django_summernote",
    "model": "attachment"
  }
},
{
  "model": "contenttypes.contenttype",
  "pk": 16,
  "fields": {
    "app_label": "common",
    "model": "advertiserhistory"
  }
},
{
  "model": "contenttypes.contenttype",
  "pk": 17,
  "fields": {
    "app_label": "common",
    "model": "userrestrictionhistory"
  }
},
{
  "model": "contenttypes.contenttype",
  "pk": 18,
  "fields": {
    "app_label": "common",
    "model": "report"
  }
},
{
  "model": "contenttypes.contenttype",
  "pk": 19,
  "fields": {
    "app_label": "board",
    "model": "inquiry"
  }
},
{
  "model": "contenttypes.contenttype",
  "pk": 20,
  "fields": {
    "app_label": "board",
    "model": "inquirycomment"
  }
},
{
  "model": "sessions.session",
  "pk": "5bfp187d4vlc26nyykeyr6ga2876s7p3",
  "fields": {
    "session_data": ".eJxVT8uOwiAU_RfWpmnLUMGle7_ATMjlctuiDShQTWP896GTmswszzvnxTTMedRzoqidZQfWsN1fzgBeya-CvYAfQoXB5-hMtVqqTU3VKViajpv3X8EIaSxpJWsO2PRcCNGQ7YxUfYfYmz1wSS0pJFAWbG2E-VK1lBzBttjsheq4QFFKJ0hZP1xymazOy41KrQkQ10GcYySfNUKmIcSlSDBNn9ANBtqu_eIUYi44EpbMh7zS8gxxfVqYh6NnWbnPlLILPrHDuVU7Xn-_fwA49GbC:1tPzKr:Iu46JrMxMwIe1T1Mwsik70Ndl_fOK0uogbwpbe8IXV8",
    "expire_date": "2025-01-07T07:28:09.401Z"
  }
},
{
  "model": "sessions.session",
  "pk": "a3rs10smqmqgm1oq1wlkj8iclnab92pf",
  "fields": {
    "session_data": ".eJxVjDsOwjAQBe_iGln-4B8lfc5g7dprHEC2FCcV4u4QKQW0b2bei0XY1hq3QUucM7swxU6_G0J6UNtBvkO7dZ56W5cZ-a7wgw4-9UzP6-H-HVQY9Vsbnx0qJQKZJFRBSbK44I0_Wx80JKspy2CFMSFJk12QGgpoLAgOEkn2_gDOlzfd:1tSHVF:2IkhNLvgI2TWhozQJJo0D_2pq2mw1hcpMtf4JiuOUpI",
    "expire_date": "2025-01-13T15:16:21.028Z"
  }
},
{
  "model": "sessions.session",
  "pk": "vb4xho0sudf7beedz46oeoezfbrbwhkm",
  "fields": {
    "session_data": ".eJxVT0tuwyAQvQtryzImOJBl9z1BVaFhGNs0FqSAE1lV715cOVK7fH-9L2ZgLbNZMyXjHbswzpq_nAW8UtgF9wFhii3GUJK37W5pDzW3r9HR8nJ4_xXMkOea1qoTgHwUUkpObrBKjwPiaM8gFPWkkUA7cJ2V9qQ7pQSC65GfpR6ERFlLF8jF3H32hZwp241qrY2Q9kFcU6JQDEKhKaatSrAsz9ANJjqu_eIcU6k4EdbMk7zS9ohpf1qZu6dHXflcKRcfQ2aXt142_NT06v37B2ztZ1Y:1tPanv:4mE3Sb8s1ib28bNgJgCNNYTvYsrqat_XYawhLnD_HnE",
    "expire_date": "2025-01-06T05:16:31.629Z"
  }
},
{
  "model": "sessions.session",
  "pk": "vu7vxz14qmn3mqz7aiozyexmql22ckra",
  "fields": {
    "session_data": ".eJxVj0EOgyAURO_C2hiRouKy-56gacgHvkproAVsY5revZi4cTtv5iXzJW-LHzTytWBM1rtI-isvWHG6FUTCkia5RAzSGtKTmhwyBfqBbgPmDm70pfYuBavKrVLuNJYXb3A-792DYII45TXvTKvquhLIdVUPiiIdWtHx7tR0goFuGBoqmopzoSk3raAMBmBqUNCCRpqlegkBXZIaEo4-rNkK85zBDDHJt4025Y9pfWImykMw5PcH75FUCg:1tOYuK:tpf4ICnZICchRCfy5qf6tWyIB1qZN260tbthKcwmIoE",
    "expire_date": "2025-01-03T09:02:52.579Z"
  }
},
{
  "model": "sessions.session",
  "pk": "zu67t7k4r96sq1ivyplqulwc1z4ydlpx",
  "fields": {
    "session_data": ".eJw1jEEOgCAMBP_SsxevfIZUaAiRWFKKhhj_bjXhuDs7e0PBpv7MLStFr6MSONgYJcICoYvQoT6gUmIZhrAUA79UMX3jdebGopaFgjmz3GlcbGcO4HkBX1ol9Q:1tQPnr:taG5y0ys_SCc01Q0Ynf5BL9Rntlbkhjar8SdeC8XpPY",
    "expire_date": "2025-01-08T11:43:51.559Z"
  }
},
{
  "model": "django_summernote.attachment",
  "pk": 1,
  "fields": {
    "name": "UKNpkID6cDnuGxiUsVh7f.webp",
    "file": "django-summernote/2024-12-22/0fa1a782-1a89-40bc-9ff8-073705549077.webp",
    "uploaded": "2024-12-22T10:17:00.734Z"
  }
},
{
  "model": "django_summernote.attachment",
  "pk": 2,
  "fields": {
    "name": "0fa1a782-1a89-40bc-9ff8-073705549077.webp",
    "file": "django-summernote/2024-12-22/2227c6d4-b91e-40f6-a11d-540fde61dd54.webp",
    "uploaded": "2024-12-22T10:17:05.200Z"
  }
},
{
  "model": "django_summernote.attachment",
  "pk": 3,
  "fields": {
    "name": "IMG_1252.png",
    "file": "django-summernote/2024-12-23/bb6a2cca-48d8-40ab-a979-edecb57afdd3.png",
    "uploaded": "2024-12-23T05:08:25.447Z"
  }
}
]
